{"train_loss": 2.014067037997546, "_timestamp": 1701442091.108775, "_runtime": 36333.56172180176, "_step": 21, "val_loss": 1.9886311846496785, "val_acc": 0.2613888888888889, "val_precision": 0.2681755608452456, "val_recall": 0.2613888888888889, "val_f1": 0.23597054843368565}